time,x,y,theta
0.31140,0.98328,0.42902,2.25930
0.33641,0.97995,0.43299,2.27951
0.36141,0.97614,0.43733,2.30573
0.38642,0.97189,0.44190,2.33499
0.41142,0.96741,0.44643,2.36513
0.43642,0.96274,0.45089,2.39440
0.46142,0.95757,0.45554,2.42265
0.48643,0.95220,0.46011,2.44860
0.51143,0.94668,0.46459,2.47333
0.53643,0.94086,0.46908,2.49293
0.56143,0.93475,0.47366,2.50476
0.58643,0.92845,0.47827,2.51172
0.61144,0.92233,0.48273,2.51185
0.63644,0.91633,0.48712,2.50685
0.66144,0.91064,0.49134,2.49766
0.68645,0.90520,0.49547,2.48631
0.71145,0.89988,0.49963,2.47313
0.73645,0.89475,0.50374,2.45907
0.76146,0.88988,0.50774,2.44623
0.78646,0.88491,0.51196,2.43136
0.81146,0.88037,0.51590,2.41981
0.83646,0.87568,0.52009,2.40595
0.86146,0.87146,0.52395,2.39649
0.88647,0.86719,0.52792,2.38554
0.91147,0.86303,0.53189,2.37622
0.93647,0.85896,0.53582,2.37027
0.96147,0.85479,0.53990,2.36311
0.98648,0.85065,0.54401,2.35831
1.01148,0.84654,0.54812,2.35513
1.03648,0.84222,0.55245,2.35365
1.06149,0.83774,0.55695,2.35574
1.08649,0.83272,0.56194,2.36317
1.11149,0.82753,0.56700,2.37547
1.13650,0.82241,0.57184,2.39568
1.16150,0.81679,0.57691,2.41960
1.18650,0.81085,0.58200,2.44785
1.21151,0.80502,0.58668,2.48185
1.23651,0.79943,0.59086,2.51881
1.26151,0.79390,0.59468,2.55659
1.28651,0.78800,0.59843,2.59315
1.31152,0.78207,0.60192,2.62775
1.33652,0.77626,0.60507,2.66012
1.36152,0.77041,0.60802,2.69047
1.38652,0.76457,0.61075,2.71594
1.41153,0.75897,0.61321,2.73797
1.43653,0.75345,0.61552,2.75034
1.46154,0.74789,0.61781,2.75372
1.48654,0.74245,0.62003,2.75000
1.51154,0.73730,0.62219,2.73906
1.53655,0.73188,0.62455,2.72162
1.56155,0.72657,0.62699,2.69972
1.58655,0.72125,0.62959,2.67316
1.61155,0.71604,0.63232,2.64607
1.63655,0.71062,0.63535,2.61714
1.66156,0.70532,0.63851,2.59045
1.68656,0.69996,0.64190,2.56443
1.71156,0.69486,0.64531,2.54057
1.73656,0.69000,0.64871,2.51888
1.76157,0.68521,0.65223,2.49962
1.78657,0.68047,0.65584,2.48198
1.81157,0.67596,0.65939,2.46813
1.83657,0.67123,0.66321,2.45502
1.86158,0.66689,0.66680,2.44785
1.88658,0.66234,0.67061,2.44062
1.91158,0.65782,0.67445,2.43434
1.93659,0.65359,0.67808,2.43197
1.96159,0.64918,0.68187,2.42900
1.98659,0.64479,0.68569,2.42650
2.01159,0.64067,0.68926,2.42697
2.03660,0.63624,0.69311,2.42555
2.06160,0.63169,0.69706,2.42589
2.08660,0.62724,0.70092,2.43069
2.11160,0.62248,0.70500,2.43670
2.13660,0.61761,0.70911,2.44346
2.16161,0.61282,0.71310,2.45245
2.18661,0.60800,0.71703,2.46184
2.21161,0.60323,0.72085,2.47042
2.23662,0.59848,0.72460,2.47806
2.26162,0.59368,0.72831,2.48509
2.28662,0.58870,0.73214,2.48995
2.31162,0.58345,0.73612,2.49083
2.33663,0.57802,0.74028,2.48705
2.36163,0.57269,0.74439,2.47887
2.38663,0.56747,0.74852,2.46698
2.41163,0.56219,0.75281,2.45103
2.43664,0.55740,0.75684,2.43413
2.46164,0.55251,0.76110,2.41203
2.48664,0.54799,0.76524,2.39075
2.51165,0.54333,0.76969,2.36608
2.53665,0.53906,0.77398,2.34371
2.56165,0.53466,0.77860,2.31803
2.58666,0.53065,0.78303,2.29499
2.61166,0.52659,0.78773,2.26937
2.63666,0.52278,0.79238,2.24613
2.66167,0.51899,0.79723,2.22261
2.68667,0.51537,0.80208,2.19963
2.71167,0.51190,0.80698,2.17706
2.73667,0.50852,0.81196,2.15516
2.76168,0.50528,0.81697,2.13381
2.78668,0.50215,0.82205,2.11198
2.87970,0.49150,0.84152,2.03102
2.90470,0.48880,0.84716,2.00635
2.92970,0.48635,0.85256,1.98371
2.95470,0.48389,0.85838,1.95783
2.97971,0.48168,0.86400,1.93262
3.00471,0.47954,0.86990,1.90458
3.02971,0.47757,0.87585,1.87518
3.05472,0.47579,0.88187,1.84105
3.07972,0.47430,0.88765,1.80320
3.10472,0.47302,0.89359,1.76245
3.12972,0.47201,0.89950,1.71859
3.15473,0.47125,0.90559,1.67082
3.17973,0.47079,0.91155,1.62378
3.20473,0.47061,0.91782,1.57445
3.22973,0.47075,0.92428,1.52444
3.25474,0.47118,0.93054,1.47889
3.27974,0.47191,0.93688,1.43462
3.30474,0.47294,0.94333,1.39083
3.32974,0.47419,0.94952,1.35103
3.35474,0.47571,0.95574,1.31338
3.37974,0.47741,0.96178,1.27851
3.40475,0.47926,0.96756,1.24621
3.42975,0.48125,0.97320,1.21587
3.45475,0.48339,0.97872,1.18755
3.47975,0.48559,0.98400,1.16194
3.50476,0.48791,0.98918,1.13849
3.52976,0.49039,0.99439,1.11571
3.55476,0.49292,0.99944,1.09611
3.57976,0.49567,1.00467,1.07618
3.60476,0.49839,1.00960,1.06030
3.62977,0.50134,1.01477,1.04266
3.65477,0.50419,1.01957,1.02941
3.67977,0.50725,1.02460,1.01556
3.70477,0.51035,1.02952,1.00285
3.72977,0.51349,1.03438,0.99157
3.75478,0.51675,1.03930,0.98042
3.77978,0.52006,1.04418,0.97014
3.80478,0.52343,1.04905,0.96001
3.82978,0.52686,1.05390,0.95095
3.85479,0.53041,1.05882,0.94169
3.87979,0.53395,1.06364,0.93318
3.90479,0.53754,1.06846,0.92493
3.92979,0.54135,1.07345,0.91520
3.95480,0.54494,1.07810,0.90905
3.97980,0.54879,1.08299,0.90027
4.00480,0.55264,1.08782,0.89243
4.02980,0.55641,1.09246,0.88486
4.05480,0.56053,1.09743,0.87458
4.07981,0.56458,1.10222,0.86310
4.10481,0.56879,1.10707,0.84526
4.12981,0.57282,1.11152,0.82403
4.15482,0.57692,1.11584,0.79835
4.17982,0.58131,1.12021,0.77024
4.20482,0.58579,1.12444,0.73990
4.22983,0.59017,1.12831,0.71030
4.25483,0.59471,1.13211,0.68191
4.27983,0.59957,1.13594,0.65495
4.30483,0.60437,1.13953,0.63035
4.32984,0.60928,1.14303,0.60656
4.35484,0.61408,1.14629,0.58757
4.37984,0.61912,1.14959,0.57230
4.40484,0.62440,1.15295,0.56243
4.42984,0.62949,1.15616,0.56088
4.45484,0.63491,1.15956,0.56216
4.47985,0.64023,1.16292,0.56811
4.50485,0.64527,1.16618,0.57838
4.52985,0.65043,1.16959,0.58845
4.55485,0.65556,1.17304,0.59879
4.57986,0.66038,1.17637,0.61048
4.60486,0.66510,1.17972,0.62251
4.62986,0.66984,1.18316,0.63380
4.65487,0.67465,1.18673,0.64292
4.67987,0.67931,1.19026,0.65238
4.70487,0.68408,1.19395,0.66049
4.72988,0.68895,1.19774,0.66637
4.75488,0.69391,1.20166,0.67090
4.77988,0.69890,1.20564,0.67353
4.80488,0.70392,1.20964,0.67475
4.82988,0.70894,1.21367,0.67543
4.85488,0.71393,1.21766,0.67475
4.87989,0.71891,1.22164,0.67401
4.90489,0.72374,1.22550,0.67340
4.92989,0.72869,1.22944,0.67130
4.95489,0.73361,1.23333,0.66907
4.97990,0.73823,1.23699,0.66887
5.00490,0.74315,1.24087,0.66556
5.02990,0.74800,1.24465,0.66225
5.05490,0.75283,1.24841,0.65813
5.07991,0.75810,1.25244,0.64765
5.10491,0.76325,1.25629,0.63468
5.12991,0.76848,1.26008,0.61704
5.15492,0.77367,1.26369,0.59947
5.17992,0.77906,1.26730,0.58041
5.20492,0.78433,1.27069,0.56230
5.22993,0.78951,1.27390,0.54479
5.25493,0.79467,1.27696,0.52857
5.27993,0.79982,1.27991,0.51357
5.30494,0.80487,1.28272,0.50107
5.32994,0.80995,1.28547,0.49086
5.35494,0.81519,1.28824,0.48330
5.37995,0.82018,1.29085,0.48154
5.40495,0.82563,1.29369,0.47998
5.42995,0.83101,1.29650,0.48167
5.45495,0.83604,1.29914,0.48762
5.47996,0.84129,1.30195,0.49384
5.50496,0.84674,1.30490,0.49979
5.52996,0.85191,1.30776,0.50837
5.55496,0.85702,1.31063,0.51769
5.57996,0.86222,1.31362,0.52594
5.60497,0.86745,1.31669,0.53371
5.62997,0.87235,1.31961,0.54304
5.65497,0.87728,1.32262,0.55155
5.67998,0.88243,1.32581,0.55784
5.70498,0.88751,1.32900,0.56432
5.72998,0.89252,1.33220,0.57135
5.75498,0.89763,1.33550,0.57622
5.77998,0.90286,1.33891,0.57906
5.80498,0.90790,1.34222,0.58203
5.82999,0.91301,1.34558,0.58318
5.85499,0.91813,1.34896,0.58271
5.87999,0.92321,1.35231,0.58210
5.90499,0.92833,1.35567,0.58075
5.93000,0.93340,1.35899,0.57899
5.95500,0.93844,1.36228,0.57716
5.98000,0.94360,1.36564,0.57480
6.00500,0.94863,1.36889,0.57379
6.03001,0.95366,1.37213,0.57243
6.05501,0.95892,1.37551,0.56987
6.08001,0.96381,1.37864,0.57014
6.10501,0.96881,1.38185,0.56926
6.13002,0.97403,1.38518,0.56655
6.15502,0.97904,1.38837,0.56716
6.18002,0.98417,1.39163,0.56662
6.20503,0.98940,1.39495,0.56473
6.23003,0.99438,1.39811,0.56635
6.25503,0.99950,1.40137,0.56547
6.28003,1.00471,1.40467,0.56459
6.30503,1.00972,1.40785,0.56642
6.33003,1.01475,1.41105,0.56703
6.35504,1.01994,1.41436,0.56703
6.38004,1.02501,1.41759,0.56905
6.40504,1.03006,1.42083,0.57074
6.43004,1.03518,1.42413,0.57216
6.45505,1.04025,1.42739,0.57406
6.48005,1.04532,1.43067,0.57588
6.50505,1.05038,1.43398,0.57743
6.53005,1.05543,1.43726,0.57872
6.55506,1.06055,1.44061,0.57953
6.58006,1.06567,1.44397,0.58081
6.60506,1.07067,1.44725,0.58257
6.63006,1.07587,1.45068,0.58250
6.65507,1.08102,1.45409,0.58413
6.68007,1.08592,1.45733,0.58723
6.70507,1.09112,1.46079,0.58723
6.73007,1.09629,1.46424,0.58845
6.75508,1.10127,1.46756,0.59122
6.78008,1.10641,1.47101,0.59122
6.80508,1.11148,1.47443,0.59257
6.83008,1.11631,1.47769,0.59602
6.85508,1.12144,1.48117,0.59670
6.88008,1.12651,1.48462,0.59724
6.90509,1.13146,1.48799,0.59940
6.93009,1.13649,1.49143,0.60034
6.95509,1.14165,1.49497,0.60014
6.98009,1.14661,1.49837,0.60156
7.00509,1.15163,1.50182,0.60264
7.03010,1.15671,1.50531,0.60366
7.05510,1.16168,1.50875,0.60447
7.08010,1.16667,1.51220,0.60480
7.10510,1.17169,1.51566,0.60575
7.13011,1.17666,1.51912,0.60676
7.15511,1.18174,1.52264,0.60717
7.18011,1.18667,1.52606,0.60818
7.20511,1.19154,1.52947,0.60954
7.23011,1.19668,1.53305,0.60913
7.25512,1.20147,1.53640,0.61129
7.28012,1.20632,1.53981,0.61433
7.30512,1.21148,1.54346,0.61555
7.33013,1.21647,1.54699,0.61832
7.35513,1.22139,1.55051,0.62217
7.38013,1.22648,1.55417,0.62373
7.40514,1.23150,1.55779,0.62717
7.43014,1.23631,1.56130,0.63177
7.45514,1.24132,1.56497,0.63353
7.48015,1.24629,1.56863,0.63670
7.50515,1.25108,1.57218,0.64110
7.53015,1.25596,1.57584,0.64400
7.55515,1.26100,1.57964,0.64610
7.58015,1.26583,1.58329,0.64968
7.60516,1.27069,1.58699,0.65312
7.63016,1.27559,1.59076,0.65576
7.65516,1.28044,1.59449,0.65867
7.68016,1.28528,1.59826,0.66164
7.70517,1.29008,1.60200,0.66394
7.73017,1.29482,1.60572,0.66671
7.75517,1.29967,1.60955,0.66921
7.78017,1.30444,1.61333,0.67164
7.80518,1.30909,1.61704,0.67583
7.83018,1.31394,1.62094,0.67887
7.86740,1.32087,1.62658,0.68455
7.89240,1.32539,1.63027,0.68962
7.91740,1.33015,1.63420,0.69246
7.94240,1.33485,1.63811,0.69665
7.96740,1.33940,1.64196,0.70320
7.99240,1.34411,1.64597,0.70786
8.01741,1.34889,1.65009,0.71280
8.04241,1.35337,1.65397,0.72098
8.06741,1.35798,1.65807,0.72875
8.09241,1.36277,1.66238,0.73571
8.11742,1.36736,1.66655,0.74517
8.14242,1.37184,1.67073,0.75537
8.16742,1.37638,1.67505,0.76463
8.19242,1.38092,1.67944,0.77301
8.21743,1.38525,1.68371,0.78322
8.24243,1.38949,1.68797,0.79308
8.26743,1.39374,1.69234,0.80248
8.29243,1.39789,1.69666,0.81207
8.31743,1.40198,1.70103,0.82160
8.34244,1.40612,1.70552,0.83100
8.36744,1.41023,1.71005,0.84005
8.39244,1.41426,1.71460,0.84931
8.41744,1.41833,1.71927,0.85783
8.44245,1.42241,1.72402,0.86580
8.46745,1.42632,1.72866,0.87486
8.49245,1.43014,1.73327,0.88526
8.51746,1.43415,1.73822,0.89317
8.54246,1.43800,1.74305,0.90135
8.56746,1.44168,1.74774,0.91236
8.59246,1.44542,1.75264,0.92243
8.61747,1.44926,1.75775,0.93122
8.64247,1.45297,1.76280,0.94135
8.66747,1.45661,1.76785,0.95399
8.69247,1.46020,1.77299,0.96602
8.71748,1.46381,1.77827,0.97758
8.74248,1.46725,1.78346,0.99238
8.76748,1.47051,1.78853,1.00860
8.79249,1.47381,1.79387,1.02542
8.81749,1.47710,1.79939,1.04286
8.84249,1.48019,1.80480,1.06239
8.86750,1.48308,1.81014,1.08402
8.89250,1.48600,1.81580,1.10625
8.91750,1.48876,1.82146,1.12848
8.94251,1.49138,1.82717,1.15139
8.96751,1.49387,1.83293,1.17518
8.99251,1.49617,1.83865,1.19978
9.01751,1.49828,1.84426,1.22553
9.04251,1.50034,1.85026,1.25425
9.06752,1.50229,1.85655,1.28709
9.09252,1.50399,1.86278,1.32440
9.11752,1.50550,1.86940,1.36684
9.14252,1.50674,1.87607,1.41036
9.16753,1.50765,1.88261,1.45510
9.19253,1.50826,1.88919,1.49990
9.21753,1.50859,1.89585,1.54390
9.24254,1.50862,1.90249,1.58681
9.26754,1.50839,1.90900,1.62810
9.29254,1.50789,1.91548,1.66676
9.31755,1.50714,1.92195,1.70352
9.34255,1.50617,1.92837,1.73745
9.36755,1.50501,1.93467,1.76887
9.39256,1.50367,1.94087,1.79854
9.41756,1.50214,1.94708,1.82713
9.44256,1.50048,1.95308,1.85335
9.46757,1.49868,1.95900,1.87842
9.49257,1.49671,1.96494,1.90167
9.51757,1.49463,1.97082,1.92208
9.54258,1.49247,1.97653,1.94093
9.56758,1.49026,1.98207,1.95938
9.59258,1.48804,1.98738,1.97668
9.61758,1.48570,1.99270,1.99121
9.64259,1.48326,1.99807,2.00324
9.66759,1.48089,2.00313,2.01541
9.69259,1.47856,2.00793,2.02879
9.71760,1.47609,2.01287,2.04095
9.74260,1.47348,2.01795,2.05116
9.76760,1.47079,2.02305,2.06136
9.79260,1.46805,2.02809,2.07440
9.81761,1.46522,2.03314,2.08812
9.84261,1.46222,2.03834,2.10117
9.86761,1.45904,2.04368,2.11495
9.89261,1.45591,2.04876,2.13036
9.91761,1.45272,2.05378,2.14712
9.94262,1.44933,2.05889,2.16314
9.96762,1.44583,2.06401,2.17773
9.99262,1.44232,2.06899,2.19287
10.01762,1.43882,2.07378,2.20929
10.04263,1.43520,2.07857,2.22666
10.06763,1.43127,2.08358,2.24504
10.09263,1.42691,2.08892,2.26775
10.11763,1.42241,2.09416,2.29532
10.14264,1.41779,2.09920,2.32878
10.16764,1.41288,2.10421,2.36588
10.19264,1.40790,2.10890,2.40318
10.21764,1.40292,2.11328,2.43954
10.24265,1.39780,2.11747,2.47441
10.26765,1.39271,2.12134,2.50739
10.29265,1.38757,2.12499,2.53929
10.31766,1.38243,2.12841,2.56869
10.34266,1.37716,2.13171,2.59430
10.36766,1.37169,2.13496,2.61565
10.39266,1.36611,2.13815,2.62951
10.41766,1.36039,2.14134,2.63714
10.44267,1.35468,2.14447,2.63992
10.46767,1.34909,2.14754,2.63741
10.49267,1.34369,2.15054,2.63309
10.51768,1.33831,2.15358,2.62667
10.54268,1.33308,2.15656,2.61917
10.56769,1.32840,2.15925,2.61430
10.59269,1.32344,2.16216,2.60734
10.61769,1.31875,2.16496,2.60167
10.64270,1.31428,2.16765,2.59842
10.66770,1.30964,2.17046,2.59497
10.69270,1.30495,2.17332,2.59342
10.71770,1.30032,2.17614,2.59565
10.74271,1.29528,2.17919,2.59748
10.76771,1.29009,2.18233,2.59998
10.79271,1.28506,2.18533,2.60592
10.81771,1.27991,2.18837,2.61255
10.84271,1.27458,2.19145,2.61951
10.86772,1.26931,2.19446,2.62768
10.89272,1.26408,2.19738,2.63775
10.91772,1.25883,2.20024,2.64762
10.94272,1.25343,2.20312,2.65789
10.96773,1.24812,2.20587,2.66904
10.99273,1.24279,2.20856,2.68026
11.01774,1.23743,2.21119,2.69155
11.04274,1.23201,2.21377,2.70371
11.06774,1.22649,2.21630,2.71898
11.09274,1.22055,2.21890,2.73737
11.11774,1.21445,2.22144,2.75791
11.14275,1.20850,2.22376,2.78325
11.16775,1.20258,2.22589,2.81143
11.19276,1.19665,2.22782,2.84036
11.21776,1.19081,2.22955,2.86793
11.24276,1.18499,2.23110,2.89341
11.26776,1.17905,2.23253,2.91720
11.29277,1.17315,2.23381,2.93936
11.31777,1.16736,2.23493,2.96031
11.34277,1.16162,2.23592,2.97978
11.36777,1.15546,2.23688,2.99458
11.39277,1.14879,2.23783,3.00411
11.41778,1.14227,2.23871,3.01134
11.44278,1.13589,2.23953,3.01613
11.46778,1.12919,2.24037,3.01654
11.49278,1.12290,2.24116,3.01701
11.51778,1.11686,2.24191,3.01708
11.54279,1.11059,2.24270,3.01411
11.56779,1.10475,2.24346,3.01330
11.59279,1.09903,2.24420,3.01208
11.61779,1.09325,2.24496,3.00904
11.64280,1.08775,2.24570,3.00721
11.66780,1.08234,2.24643,3.00579
11.69280,1.07687,2.24718,3.00485
11.71780,1.07135,2.24795,3.00505
11.74281,1.06563,2.24873,3.00688
11.76781,1.05974,2.24952,3.01005
11.79281,1.05381,2.25029,3.01532
11.81782,1.04780,2.25103,3.02154
11.84282,1.04166,2.25175,3.02830
11.86782,1.03566,2.25241,3.03695
11.89282,1.02974,2.25300,3.04857
11.91783,1.02353,2.25354,3.05864
11.94283,1.01734,2.25403,3.06946
11.96783,1.01136,2.25442,3.08317
11.99284,1.00548,2.25472,3.09764
12.01784,0.99944,2.25494,3.11149
12.04284,0.99323,2.25509,3.12534
12.06784,0.98710,2.25514,-3.14020
12.09285,0.98100,2.25506,-3.11804
12.11785,0.97494,2.25485,-3.09398
12.14285,0.96867,2.25447,-3.06999
12.16785,0.96238,2.25395,-3.04600
12.19285,0.95625,2.25329,-3.02275
12.21786,0.95021,2.25249,-2.99889
12.24286,0.94436,2.25159,-2.97625
12.26787,0.93852,2.25055,-2.95618
12.29287,0.93254,2.24937,-2.93881
12.31787,0.92637,2.24805,-2.92374
12.34287,0.92026,2.24665,-2.90935
12.36788,0.91403,2.24514,-2.89658
12.39288,0.90764,2.24351,-2.88705
12.41788,0.90119,2.24181,-2.87968
12.44289,0.89496,2.24011,-2.87238
12.46789,0.88882,2.23839,-2.86745
12.49289,0.88272,2.23667,-2.86421
12.51789,0.87674,2.23496,-2.86150
12.54289,0.87094,2.23328,-2.86015
12.56790,0.86532,2.23166,-2.85914
12.59290,0.85990,2.23009,-2.85860
12.61790,0.85444,2.22850,-2.85900
12.64291,0.84908,2.22694,-2.85873
12.66791,0.84390,2.22543,-2.85657
12.69291,0.83832,2.22379,-2.85535
12.71792,0.83267,2.22212,-2.85292
12.74292,0.82729,2.22050,-2.84684
12.76792,0.82163,2.21877,-2.84143
12.79293,0.81573,2.21693,-2.83704
12.81793,0.81004,2.21512,-2.83042
12.86607,0.79904,2.21150,-2.81710
12.89107,0.79322,2.20952,-2.81034
12.91608,0.78768,2.20759,-2.80027
12.94108,0.78200,2.20553,-2.79095
12.96608,0.77618,2.20338,-2.78223
12.99108,0.77050,2.20121,-2.77189
13.01608,0.76499,2.19903,-2.76006
13.04108,0.75937,2.19674,-2.74749
13.06609,0.75351,2.19426,-2.73411
13.09109,0.74779,2.19174,-2.71904
13.11609,0.74212,2.18913,-2.70134
13.14109,0.73646,2.18640,-2.68377
13.16610,0.73082,2.18356,-2.66721
13.19110,0.72530,2.18067,-2.64977
13.21610,0.72002,2.17779,-2.63281
13.24111,0.71479,2.17481,-2.61679
13.26611,0.70968,2.17179,-2.60159
13.29111,0.70463,2.16873,-2.58726
13.31611,0.69960,2.16557,-2.57415
13.34112,0.69452,2.16229,-2.56293
13.36612,0.68942,2.15892,-2.55293
13.39112,0.68437,2.15551,-2.54401
13.41613,0.67942,2.15211,-2.53489
13.44113,0.67431,2.14854,-2.52806
13.46613,0.66928,2.14497,-2.52340
13.49114,0.66461,2.14163,-2.51650
13.51614,0.65980,2.13814,-2.51056
13.54114,0.65482,2.13448,-2.50603
13.56614,0.65003,2.13093,-2.50076
13.59115,0.64530,2.12737,-2.49346
13.61615,0.64041,2.12365,-2.48724
13.64115,0.63552,2.11987,-2.48109
13.66615,0.63078,2.11616,-2.47210
13.69116,0.62597,2.11232,-2.46345
13.71616,0.62107,2.10834,-2.45589
13.74116,0.61632,2.10442,-2.44615
13.76617,0.61170,2.10052,-2.43446
13.79117,0.60706,2.09650,-2.42331
13.81618,0.60245,2.09242,-2.41223
13.84118,0.59786,2.08827,-2.39871
13.86618,0.59341,2.08413,-2.38398
13.89118,0.58899,2.07989,-2.36972
13.91618,0.58456,2.07551,-2.35472
13.94119,0.58023,2.07109,-2.33944
13.96619,0.57598,2.06664,-2.32370
13.99119,0.57177,2.06206,-2.30782
14.01620,0.56764,2.05745,-2.29167
14.04120,0.56356,2.05273,-2.27403
14.06620,0.55953,2.04788,-2.25287
14.09121,0.55559,2.04292,-2.23057
14.11621,0.55172,2.03779,-2.20557
14.14121,0.54798,2.03257,-2.17854
14.16621,0.54447,2.02736,-2.14995
14.19121,0.54122,2.02222,-2.12069
14.21622,0.53814,2.01704,-2.09217
14.24122,0.53514,2.01166,-2.06541
14.26622,0.53227,2.00617,-2.04074
14.29123,0.52954,2.00064,-2.01743
14.31623,0.52703,1.99523,-1.99411
14.34123,0.52470,1.98989,-1.97154
14.36624,0.52243,1.98440,-1.95059
14.39124,0.52026,1.97878,-1.93058
14.41624,0.51817,1.97307,-1.91173
14.44125,0.51616,1.96723,-1.89240
14.46625,0.51431,1.96146,-1.87145
14.49125,0.51258,1.95568,-1.84962
14.51625,0.51096,1.94979,-1.82759
14.54125,0.50943,1.94368,-1.80529
14.56626,0.50804,1.93755,-1.78218
14.59126,0.50684,1.93159,-1.75650
14.61626,0.50580,1.92559,-1.72926
14.64126,0.50492,1.91959,-1.70162
14.66627,0.50420,1.91349,-1.67432
14.69127,0.50365,1.90733,-1.64634
14.71627,0.50326,1.90106,-1.61809
14.74127,0.50306,1.89487,-1.58876
14.76628,0.50304,1.88862,-1.55876
14.79128,0.50320,1.88253,-1.52868
14.81628,0.50355,1.87640,-1.49902
14.84128,0.50409,1.87023,-1.46901
14.86629,0.50482,1.86393,-1.44049
14.89129,0.50572,1.85776,-1.41407
14.91629,0.50678,1.85156,-1.38832
14.94129,0.50798,1.84548,-1.36372
14.96630,0.50929,1.83958,-1.33926
14.99130,0.51074,1.83375,-1.31587
15.01630,0.51234,1.82786,-1.29371
15.04131,0.51409,1.82197,-1.27303
15.06631,0.51600,1.81596,-1.25073
15.09131,0.51814,1.80978,-1.22390
15.11631,0.52054,1.80344,-1.19261
15.14131,0.52314,1.79721,-1.15747
15.16632,0.52600,1.79102,-1.11888
15.19132,0.52908,1.78498,-1.07968
15.21632,0.53233,1.77916,-1.04103
15.24132,0.53571,1.77363,-1.00311
15.26633,0.53923,1.76834,-0.96621
15.29133,0.54291,1.76320,-0.93188
15.31633,0.54676,1.75818,-0.90005
15.34134,0.55077,1.75328,-0.87208
15.36634,0.55485,1.74855,-0.84829
15.39134,0.55896,1.74397,-0.83058
15.41634,0.56339,1.73918,-0.81970
15.44135,0.56780,1.73448,-0.81450
15.46635,0.57217,1.72985,-0.81483
15.49135,0.57646,1.72530,-0.81619
15.51636,0.58078,1.72067,-0.81930
15.54136,0.58517,1.71595,-0.82578
15.56637,0.58911,1.71168,-0.82943
15.59137,0.59310,1.70729,-0.83511
15.61637,0.59701,1.70296,-0.84025
15.64137,0.60053,1.69901,-0.84268
15.66637,0.60415,1.69494,-0.84667
15.69138,0.60770,1.69090,-0.84923
15.71638,0.61114,1.68700,-0.84849
15.74138,0.61470,1.68296,-0.84721
15.76638,0.61847,1.67870,-0.84599
15.79139,0.62223,1.67447,-0.84295
15.81639,0.62606,1.67020,-0.83801
15.84139,0.62993,1.66590,-0.83315
15.86639,0.63383,1.66164,-0.82686
15.89139,0.63780,1.65737,-0.81923
15.91640,0.64182,1.65310,-0.81159
15.94140,0.64585,1.64888,-0.80355
15.96640,0.64991,1.64470,-0.79476
15.99140,0.65405,1.64051,-0.78591
16.01641,0.65830,1.63631,-0.77760
16.04141,0.66255,1.63217,-0.76807
16.06641,0.66683,1.62808,-0.75496
16.09142,0.67156,1.62370,-0.74070
16.11642,0.67651,1.61923,-0.72279
16.14142,0.68132,1.61509,-0.70144
16.16643,0.68619,1.61107,-0.67819
16.19143,0.69126,1.60708,-0.65528
16.21643,0.69632,1.60327,-0.63433
16.24143,0.70138,1.59963,-0.61500
16.26644,0.70638,1.59617,-0.59696
16.29144,0.71139,1.59282,-0.57952
16.31644,0.71646,1.58956,-0.56486
16.34145,0.72192,1.58614,-0.55506
16.36645,0.72747,1.58273,-0.54864
16.39145,0.73304,1.57934,-0.54451
16.41645,0.73879,1.57585,-0.54614
16.44145,0.74434,1.57247,-0.54891
16.46646,0.74979,1.56912,-0.55350
16.49146,0.75525,1.56572,-0.56094
16.51646,0.76039,1.56247,-0.56722
16.54147,0.76553,1.55916,-0.57465
16.56647,0.77062,1.55585,-0.58216
16.59147,0.77551,1.55260,-0.59013
16.61647,0.78027,1.54938,-0.59790
16.64148,0.78491,1.54620,-0.60534
16.66648,0.78951,1.54298,-0.61291
16.69148,0.79398,1.53982,-0.61980
16.71648,0.79837,1.53666,-0.62487
16.74149,0.80315,1.53320,-0.63088
16.76649,0.80768,1.52988,-0.63217
16.79149,0.81231,1.52648,-0.63264
16.81649,0.81727,1.52285,-0.63413
16.84150,0.82199,1.51937,-0.63304
16.86650,0.82677,1.51587,-0.63054
16.89150,0.83177,1.51223,-0.62960
16.91650,0.83661,1.50872,-0.62703
16.94150,0.84138,1.50527,-0.62291
16.96651,0.84637,1.50169,-0.62020
16.99151,0.85126,1.49822,-0.61622
17.01651,0.85604,1.49486,-0.61074
17.04152,0.86097,1.49142,-0.60520
17.06652,0.86602,1.48795,-0.60067
17.09152,0.87089,1.48463,-0.59446
17.11652,0.87586,1.48129,-0.58783
17.14153,0.88091,1.47796,-0.58236
17.16653,0.88598,1.47464,-0.57709
17.19153,0.89104,1.47136,-0.57222
17.21654,0.89622,1.46804,-0.56783
17.24154,0.90142,1.46473,-0.56418
17.26654,0.90659,1.46148,-0.56175
17.29154,0.91192,1.45813,-0.55992
17.31655,0.91705,1.45491,-0.55789
17.34155,0.92226,1.45167,-0.55762
17.36655,0.92765,1.44830,-0.55931
17.39156,0.93269,1.44515,-0.55884
17.41656,0.93782,1.44193,-0.55965
17.44156,0.94315,1.43859,-0.56290
17.46656,0.94813,1.43544,-0.56384
17.49157,0.95327,1.43218,-0.56675
17.51657,0.95850,1.42883,-0.57067
17.54157,0.96337,1.42571,-0.57222
17.56658,0.96856,1.42234,-0.57634
17.59158,0.97367,1.41901,-0.57952
17.61658,0.97858,1.41579,-0.58141
17.64158,0.98370,1.41242,-0.58466
17.66658,0.98873,1.40907,-0.58743
17.69159,0.99368,1.40578,-0.58905
17.71659,0.99870,1.40242,-0.59060
17.74159,1.00365,1.39909,-0.59141
17.76659,1.00863,1.39575,-0.59182
17.79159,1.01365,1.39238,-0.59135
17.81660,1.01868,1.38900,-0.59054
17.84160,1.02373,1.38561,-0.59020
17.86660,1.02883,1.38220,-0.58912
17.94326,1.04450,1.37180,-0.58405
17.96826,1.04938,1.36858,-0.58013
17.99326,1.05451,1.36523,-0.57871
18.01827,1.05970,1.36184,-0.57830
18.04327,1.06460,1.35865,-0.57641
18.06827,1.06973,1.35531,-0.57688
18.09327,1.07507,1.35183,-0.57912
18.11828,1.08009,1.34854,-0.57945
18.14328,1.08547,1.34502,-0.58310
18.16828,1.09080,1.34148,-0.58587
18.19328,1.09595,1.33806,-0.58797
18.21829,1.10118,1.33455,-0.59277
18.24329,1.10631,1.33109,-0.59642
18.26829,1.11138,1.32764,-0.60000
18.29330,1.11640,1.32418,-0.60432
18.31830,1.12131,1.32078,-0.60817
18.34330,1.12620,1.31735,-0.61203
18.36831,1.13093,1.31403,-0.61527
18.39331,1.13564,1.31069,-0.61811
18.41831,1.14042,1.30728,-0.62176
18.44331,1.14504,1.30395,-0.62439
18.46832,1.14977,1.30054,-0.62622
18.49332,1.15480,1.29690,-0.62919
18.51832,1.15951,1.29347,-0.62838
18.54332,1.16437,1.28994,-0.62858
18.56832,1.16946,1.28623,-0.63034
18.59333,1.17422,1.28276,-0.62946
18.61833,1.17914,1.27918,-0.62879
18.64333,1.18420,1.27550,-0.62960
18.66834,1.18895,1.27204,-0.62737
18.69334,1.19394,1.26842,-0.62656
18.71834,1.19904,1.26473,-0.62730
18.74334,1.20393,1.26119,-0.62615
18.76834,1.20900,1.25752,-0.62595
18.79335,1.21418,1.25376,-0.62764
18.81835,1.21915,1.25016,-0.62771
18.84335,1.22415,1.24654,-0.62818
18.86836,1.22913,1.24292,-0.62906
18.89336,1.23406,1.23933,-0.63034
18.91836,1.23907,1.23566,-0.63230
18.94336,1.24402,1.23203,-0.63480
18.96837,1.24900,1.22834,-0.63852
18.99337,1.25403,1.22459,-0.64298
19.01837,1.25893,1.22090,-0.64663
19.04337,1.26398,1.21707,-0.65345
19.06838,1.26889,1.21328,-0.65778
19.09338,1.27375,1.20951,-0.66237
19.11839,1.27884,1.20553,-0.66988
19.14339,1.28356,1.20176,-0.67413
19.16839,1.28849,1.19780,-0.68082
19.19339,1.29327,1.19391,-0.68731
19.21839,1.29789,1.19009,-0.69184
19.24340,1.30273,1.18605,-0.69907
19.26840,1.30723,1.18225,-0.70407
19.29341,1.31180,1.17835,-0.70894
19.31841,1.31649,1.17431,-0.71536
19.34341,1.32095,1.17041,-0.72016
19.36842,1.32541,1.16647,-0.72597
19.39342,1.32986,1.16249,-0.73191
19.41843,1.33424,1.15854,-0.73806
19.44343,1.33853,1.15462,-0.74428
19.46843,1.34282,1.15064,-0.74962
19.49344,1.34718,1.14656,-0.75476
19.51844,1.35150,1.14248,-0.75908
19.54344,1.35579,1.13840,-0.76199
19.56844,1.36030,1.13407,-0.76706
19.59345,1.36456,1.12995,-0.76922
19.61845,1.36893,1.12571,-0.77212
19.64345,1.37347,1.12126,-0.77773
19.66846,1.37776,1.11703,-0.78104
19.69346,1.38223,1.11257,-0.78665
19.71846,1.38667,1.10809,-0.79274
19.74347,1.39094,1.10374,-0.79720
19.76847,1.39546,1.09909,-0.80517
19.79347,1.39976,1.09457,-0.81125
19.81847,1.40411,1.08997,-0.81882
19.84348,1.40847,1.08526,-0.82754
19.86848,1.41268,1.08064,-0.83531
19.89348,1.41690,1.07593,-0.84410
19.91848,1.42105,1.07124,-0.85309
19.94349,1.42514,1.06650,-0.86255
19.96849,1.42918,1.06174,-0.87160
19.99349,1.43321,1.05689,-0.88154
20.01849,1.43715,1.05207,-0.89221
20.04350,1.44115,1.04705,-0.90478
20.06850,1.44513,1.04189,-0.92114
20.09350,1.44892,1.03682,-0.93851
20.11850,1.45273,1.03150,-0.95959
20.14351,1.45628,1.02632,-0.97973
20.16851,1.45981,1.02093,-1.00264
20.19351,1.46302,1.01579,-1.02352
20.21852,1.46623,1.01040,-1.04650
20.24352,1.46915,1.00521,-1.06731
20.26852,1.47212,0.99968,-1.09002
20.29353,1.47487,0.99426,-1.11131
20.31853,1.47751,0.98878,-1.13321
20.34353,1.47999,0.98331,-1.15544
20.36854,1.48240,0.97769,-1.17706
20.39354,1.48473,0.97190,-1.19910
20.41854,1.48692,0.96609,-1.22126
20.44354,1.48898,0.96022,-1.24478
20.46854,1.49088,0.95439,-1.26823
20.49355,1.49267,0.94839,-1.29371
20.51855,1.49427,0.94246,-1.32047
20.54355,1.49576,0.93629,-1.34966
20.56855,1.49702,0.93031,-1.37690
20.59355,1.49815,0.92404,-1.40805
20.61856,1.49904,0.91809,-1.43718
20.64356,1.49978,0.91182,-1.46962
20.66856,1.50030,0.90576,-1.50125
20.69356,1.50063,0.89961,-1.53389
20.71856,1.50075,0.89348,-1.56646
20.74357,1.50068,0.88737,-1.59863
20.76857,1.50040,0.88108,-1.63120
20.79357,1.49993,0.87489,-1.66371
20.81858,1.49928,0.86887,-1.69338
20.84358,1.49843,0.86276,-1.72271
20.86858,1.49743,0.85677,-1.75069
20.89359,1.49623,0.85065,-1.77947
20.91859,1.49493,0.84490,-1.80455
20.94359,1.49339,0.83878,-1.83171
20.96859,1.49181,0.83314,-1.85503
20.99360,1.49002,0.82728,-1.87956
21.01860,1.48815,0.82165,-1.90227
21.04360,1.48612,0.81595,-1.92552
21.06861,1.48392,0.81023,-1.95032
21.09361,1.48153,0.80446,-1.97870
21.11861,1.47905,0.79896,-2.01094
21.14361,1.47638,0.79354,-2.04648
21.16861,1.47336,0.78795,-2.08521
21.19362,1.47039,0.78290,-2.12150
21.21862,1.46704,0.77769,-2.16009
21.24362,1.46357,0.77268,-2.19557
21.26863,1.45992,0.76780,-2.22922
21.29363,1.45614,0.76307,-2.26166
21.31863,1.45234,0.75860,-2.28856
21.34363,1.44834,0.75415,-2.31356
21.36864,1.44436,0.74988,-2.33188
21.39364,1.44020,0.74558,-2.34478
21.41865,1.43608,0.74140,-2.35235
21.44365,1.43196,0.73726,-2.35519
21.46865,1.42773,0.73303,-2.35472
21.49366,1.42362,0.72888,-2.35181
21.51866,1.41949,0.72471,-2.34755
21.54366,1.41529,0.72042,-2.34303
21.56866,1.41125,0.71624,-2.33735
21.59366,1.40737,0.71218,-2.33100
21.61867,1.40330,0.70790,-2.32769
21.64367,1.39933,0.70368,-2.32512
21.66867,1.39554,0.69962,-2.32160
21.69367,1.39150,0.69529,-2.32228
21.71867,1.38721,0.69072,-2.32559
21.74367,1.38304,0.68631,-2.32789
21.76868,1.37859,0.68162,-2.33363
21.79368,1.37419,0.67704,-2.33931
21.81868,1.36979,0.67251,-2.34458
21.84369,1.36526,0.66792,-2.35310
21.86869,1.36101,0.66366,-2.35985
21.89369,1.35659,0.65931,-2.36850
21.91870,1.35226,0.65512,-2.37763
21.94370,1.34802,0.65110,-2.38682
21.96870,1.34377,0.64714,-2.39709
21.99371,1.33952,0.64327,-2.40702
22.01871,1.33526,0.63946,-2.41703
22.04371,1.33098,0.63571,-2.42676
22.06871,1.32649,0.63185,-2.43730
22.09372,1.32191,0.62800,-2.44771
22.11872,1.31731,0.62420,-2.45521
22.14372,1.31221,0.62006,-2.46386
22.16872,1.30709,0.61595,-2.46487
22.19372,1.30106,0.61109,-2.46318
22.21872,1.29474,0.60598,-2.45717
22.24373,1.28813,0.60052,-2.44615
22.26873,1.28087,0.59438,-2.43318
22.29373,1.27384,0.58825,-2.41344
22.31874,1.26664,0.58170,-2.39358
22.34374,1.25967,0.57508,-2.37040
22.36874,1.25298,0.56842,-2.34546
22.39375,1.24640,0.56155,-2.32187
22.41875,1.24017,0.55470,-2.29754
22.44375,1.23437,0.54802,-2.27355
22.46875,1.22881,0.54130,-2.25186
22.49376,1.22351,0.53461,-2.23044
22.51876,1.21846,0.52798,-2.21003
22.54377,1.21371,0.52145,-2.19178
22.56877,1.20918,0.51500,-2.17401
22.59377,1.20490,0.50868,-2.15813
22.61877,1.20079,0.50243,-2.14569
22.64377,1.19698,0.49646,-2.13522
22.66878,1.19334,0.49066,-2.12738
22.69378,1.18975,0.48487,-2.12440
22.71878,1.18640,0.47945,-2.12244
22.74378,1.18315,0.47417,-2.12434
22.76879,1.17980,0.46879,-2.13191
22.79379,1.17667,0.46386,-2.13914
22.81879,1.17343,0.45884,-2.15137
22.84380,1.17033,0.45419,-2.16522
22.86880,1.16724,0.44968,-2.18016
22.89380,1.16410,0.44528,-2.19854
22.91880,1.16110,0.44121,-2.21665
22.94381,1.15793,0.43709,-2.23855
22.96881,1.15487,0.43331,-2.26105
22.99382,1.15173,0.42959,-2.28491
23.01882,1.14862,0.42610,-2.31011
23.04382,1.14551,0.42277,-2.33431
23.06882,1.14237,0.41957,-2.35823
23.09382,1.13926,0.41654,-2.38161
23.11883,1.13613,0.41363,-2.40412
23.14383,1.13315,0.41097,-2.42473
23.16883,1.13002,0.40831,-2.44669
23.19383,1.12704,0.40588,-2.46697
23.21884,1.12421,0.40366,-2.48549
23.24384,1.12122,0.40140,-2.50630
23.26884,1.11835,0.39933,-2.52583
23.29384,1.11563,0.39744,-2.54448
23.31884,1.11271,0.39550,-2.56509
23.34385,1.10993,0.39373,-2.58469
23.36885,1.10732,0.39214,-2.60328
23.39386,1.10448,0.39048,-2.62416
23.41886,1.10178,0.38899,-2.64443
23.44386,1.09927,0.38765,-2.66356
23.46886,1.09669,0.38635,-2.68390
23.49387,1.09403,0.38507,-2.70512
23.51887,1.09159,0.38396,-2.72526
23.54387,1.08912,0.38290,-2.74580
23.56887,1.08662,0.38189,-2.76669
23.59388,1.08420,0.38096,-2.78716
23.61888,1.08180,0.38010,-2.80771
23.64388,1.07948,0.37933,-2.82859
23.66889,1.07723,0.37862,-2.84920
23.69389,1.07504,0.37799,-2.86975
23.71889,1.07281,0.37739,-2.89076
23.74389,1.07066,0.37686,-2.91158
23.76889,1.06868,0.37642,-2.93118
23.79390,1.06666,0.37601,-2.95125
23.81890,1.06451,0.37562,-2.97240
23.84390,1.06250,0.37530,-2.99234
23.86891,1.06080,0.37506,-3.01058
23.89391,1.05900,0.37484,-3.02951
23.91891,1.05707,0.37464,-3.04951
23.94391,1.05521,0.37449,-3.06945
23.96892,1.05362,0.37439,-3.08715
23.99392,1.05202,0.37431,-3.10493
24.01892,1.05036,0.37427,-3.12371
24.04392,1.04860,0.37425,3.13987
24.06893,1.04698,0.37427,3.12115
24.09393,1.04551,0.37431,3.10379
24.11893,1.04395,0.37439,3.08561
24.14393,1.04230,0.37450,3.06601
24.16893,1.04080,0.37462,3.04661
24.19394,1.03954,0.37476,3.02796
24.21894,1.03825,0.37491,3.00917
24.24394,1.03696,0.37510,2.98985
24.26895,1.03557,0.37533,2.96977
24.29395,1.03423,0.37557,2.95072
24.31895,1.03299,0.37582,2.93267
24.34395,1.03178,0.37609,2.91530
24.36896,1.03055,0.37639,2.89821
24.39396,1.02930,0.37671,2.88097
24.41896,1.02809,0.37704,2.86415
24.44396,1.02694,0.37738,2.84759
24.46897,1.02583,0.37772,2.83096
24.49397,1.02470,0.37810,2.81427
24.51897,1.02361,0.37848,2.79785
24.54397,1.02260,0.37885,2.78156
24.56897,1.02162,0.37923,2.76548
24.59398,1.02069,0.37960,2.74933
24.61898,1.01980,0.37998,2.73284
24.64398,1.01896,0.38035,2.71648
24.66899,1.01817,0.38071,2.69979
24.69399,1.01754,0.38102,2.68310
24.71899,1.01700,0.38129,2.66674
24.74400,1.01644,0.38158,2.65012
24.76900,1.01584,0.38191,2.63282
24.79400,1.01516,0.38230,2.61484
24.81901,1.01451,0.38269,2.59788
24.84401,1.01396,0.38302,2.58186
24.86901,1.01356,0.38328,2.56760
24.89401,1.01314,0.38356,2.55409
24.91901,1.01271,0.38384,2.54078
24.94402,1.01225,0.38417,2.52739
24.96902,1.01180,0.38449,2.51503
24.99402,1.01136,0.38481,2.50232
25.01903,1.01090,0.38516,2.48995
25.04403,1.01046,0.38550,2.47813
25.06903,1.01012,0.38577,2.46650
25.09403,1.00973,0.38608,2.45495
25.11904,1.00937,0.38638,2.44353
25.14404,1.00902,0.38668,2.43211
25.16904,1.00864,0.38701,2.42048
25.19404,1.00829,0.38732,2.40852
25.21904,1.00791,0.38766,2.39642
25.24405,1.00756,0.38799,2.38460
25.26905,1.00725,0.38829,2.37297
25.29405,1.00701,0.38852,2.36284
25.31905,1.00680,0.38873,2.35304
25.34406,1.00661,0.38893,2.34358
25.36906,1.00640,0.38914,2.33479
25.39406,1.00618,0.38937,2.32553
25.41907,1.00596,0.38961,2.31573
25.44407,1.00570,0.38989,2.30614
25.46907,1.00540,0.39023,2.29620
25.49407,1.00514,0.39052,2.28654
25.51908,1.00488,0.39083,2.27687
25.54408,1.00467,0.39108,2.26728
25.56909,1.00448,0.39130,2.25795
25.59409,1.00431,0.39151,2.24923
25.61909,1.00419,0.39166,2.24052
25.64409,1.00406,0.39183,2.23187
25.66910,1.00392,0.39201,2.22342
25.69410,1.00378,0.39220,2.21517
25.71910,1.00364,0.39238,2.20720
25.74411,1.00351,0.39255,2.19916
25.76911,1.00338,0.39274,2.19098
25.79411,1.00326,0.39291,2.18301
25.81911,1.00315,0.39307,2.17537
25.84412,1.00304,0.39323,2.16780
25.86912,1.00291,0.39343,2.16010
25.89412,1.00277,0.39363,2.15239
25.91913,1.00264,0.39384,2.14462
25.94413,1.00251,0.39404,2.13705
25.96913,1.00241,0.39419,2.13050
25.99413,1.00233,0.39432,2.12401
26.01913,1.00228,0.39440,2.11522
26.04414,1.00217,0.39457,2.09981
26.06914,1.00197,0.39494,2.07778
26.09414,1.00179,0.39527,2.05082
26.11914,1.00166,0.39553,2.01892
26.14415,1.00154,0.39579,1.98425
26.16915,1.00143,0.39607,1.94762
26.19415,1.00137,0.39621,1.91066
26.21915,1.00138,0.39619,1.87403
26.24416,1.00137,0.39620,1.83916
26.26916,1.00133,0.39636,1.80449
26.29416,1.00131,0.39647,1.77131
26.31916,1.00132,0.39640,1.74090
26.34417,1.00135,0.39621,1.71332
26.36917,1.00136,0.39613,1.68582
26.39417,1.00137,0.39605,1.66027
26.41917,1.00139,0.39574,1.63757
26.44418,1.00142,0.39522,1.61979
26.46918,1.00145,0.39468,1.60688
26.49418,1.00146,0.39439,1.59965
26.51918,1.00146,0.39436,1.59776
